id;title;content
1;Dollar Philippines Innovative;../fake-data/blob/hipster.txt
2;infomediaries Directeur;../fake-data/blob/hipster.txt
3;Fantastic;../fake-data/blob/hipster.txt
4;open-source;../fake-data/blob/hipster.txt
5;Sausages niches synthesizing;../fake-data/blob/hipster.txt
6;array Tasty Midi-Pyrénées;../fake-data/blob/hipster.txt
7;Israël;../fake-data/blob/hipster.txt
8;compressing;../fake-data/blob/hipster.txt
9;Aquitaine;../fake-data/blob/hipster.txt
10;la reboot des;../fake-data/blob/hipster.txt
