id;title;content;mark;course_id
1;Cambridgeshire payment Baby;../fake-data/blob/hipster.txt;75307;1
2;content-based a;../fake-data/blob/hipster.txt;34372;2
3;fuchsia;../fake-data/blob/hipster.txt;86116;3
4;payment back-end;../fake-data/blob/hipster.txt;47527;4
5;b Optional matrix;../fake-data/blob/hipster.txt;61841;5
6;edge Granite;../fake-data/blob/hipster.txt;81527;6
7;synergize hacking;../fake-data/blob/hipster.txt;38288;7
8;Account Borders;../fake-data/blob/hipster.txt;1858;8
9;Movies teal HTTP;../fake-data/blob/hipster.txt;60307;9
10;redefine;../fake-data/blob/hipster.txt;89084;10
